{
    "alphaFade": 0,
    "colorFade": 0,
    "colorRandom": 1,
    "coneAngle": 45.0,
    "coneDirection": [
        0.0,
        1.0,
        0.0
    ],
    "coneHeight": 2.0,
    "count": 1,
    "emit": 0,
    "endColor": [
        0.47058820724487305,
        0.47058820724487305,
        0.47058820724487305
    ],
    "endRotateVelocity": -1.5,
    "endScale": [
        0.5,
        0.5
    ],
    "endVelocity": [
        0.0,
        0.0,
        0.0
    ],
    "frequency": 0.5,
    "frequencyTime": 0.11666666716337204,
    "hemisphereAngle": 180.0,
    "isMove": 1,
    "kMaxParticle": 1024,
    "lifeTime": 2.0,
    "lifeTimeRandom": 1,
    "lineLength": 2.0,
    "lineStart": [
        -1.0,
        0.0,
        0.0
    ],
    "maxColor": [
        1.0,
        1.0,
        1.0
    ],
    "maxLifeTime": 3.0,
    "maxRotateVelocity": 1.0,
    "maxScale": [
        1.5,
        1.5,
        1.5
    ],
    "maxVelocity": [
        1.0,
        -5.0,
        0.0
    ],
    "minColor": [
        0.7843137383460999,
        0.7843137383460999,
        0.7843137383460999
    ],
    "minLifeTime": 3.0,
    "minRotateVelocity": -1.0,
    "minScale": [
        0.5,
        0.5,
        0.5
    ],
    "minVelocity": [
        -1.0,
        -5.0,
        0.0
    ],
    "normalVelocity": [
        0.0,
        0.0,
        0.0
    ],
    "planeHeight": 2.0,
    "planeNormal": [
        0.0,
        1.0,
        0.0
    ],
    "planeWidth": 2.0,
    "radius": 1.0,
    "ringAngle": 0.0,
    "ringInnerRadius": 0.5,
    "ringNormal": [
        0.0,
        1.0,
        0.0
    ],
    "ringOuterRadius": 1.0,
    "rotateMove": 1,
    "rotateVelocityRandom": 0,
    "scaleFade": 0,
    "scaleRandom": 0,
    "shapeType": 4,
    "size": [
        13.0,
        0.009999999776482582,
        1.0
    ],
    "startColor": [
        0.47058820724487305,
        0.47058820724487305,
        0.47058820724487305
    ],
    "startRotateVelocity": 1.5,
    "startScale": [
        1.1100000143051147,
        1.1100000143051147
    ],
    "startVelocity": [
        0.0,
        0.0,
        0.0
    ],
    "texturePath": "candy",
    "translate": [
        0.0,
        6.0,
        3.0
    ],
    "useEmitter": 1,
    "velocityRandom": 1
}