{
    "alphaFade": 1,
    "blendMode": 2,
    "colorFade": 1,
    "colorRandom": 0,
    "coneAngle": 0.0,
    "coneDirection": [
        0.0,
        0.0,
        0.0
    ],
    "coneHeight": 0.0,
    "count": 5,
    "emit": 0,
    "endColor": [
        0.11764705181121826,
        0.11764705181121826,
        0.11764705181121826
    ],
    "endRotateVelocity": -1.0,
    "endScale": [
        0.25,
        0.25
    ],
    "endVelocity": [
        0.0,
        0.0,
        0.0
    ],
    "frequency": 0.10000000149011612,
    "frequencyTime": 0.03333333507180214,
    "hemisphereAngle": 0.0,
    "isMove": 1,
    "kMaxParticle": 512,
    "lifeTime": 1.5,
    "lifeTimeRandom": 1,
    "lineLength": 0.0,
    "lineStart": [
        0.0,
        0.0,
        0.0
    ],
    "maxColor": [
        0.6176466941833496,
        0.0,
        1.0
    ],
    "maxLifeTime": 2.0,
    "maxRotateVelocity": 1.0,
    "maxScale": [
        1.0,
        1.0,
        1.0
    ],
    "maxVelocity": [
        1.0,
        1.0,
        1.0
    ],
    "minColor": [
        0.17647051811218262,
        1.0,
        0.0
    ],
    "minLifeTime": 1.0,
    "minRotateVelocity": -1.0,
    "minScale": [
        0.0,
        0.0,
        0.0
    ],
    "minVelocity": [
        -1.0,
        -1.0,
        -1.0
    ],
    "normalVelocity": [
        0.0,
        0.0,
        0.0
    ],
    "planeHeight": 0.0,
    "planeNormal": [
        0.0,
        0.0,
        0.0
    ],
    "planeWidth": 0.0,
    "radius": 1.0,
    "ringAngle": 0.0,
    "ringInnerRadius": 1.5,
    "ringNormal": [
        0.0,
        0.0,
        0.0
    ],
    "ringOuterRadius": 1.5,
    "rotateMove": 1,
    "rotateVelocityRandom": 0,
    "scaleFade": 1,
    "scaleRandom": 0,
    "shapeType": 4,
    "size": [
        100.0,
        10.0,
        100.0
    ],
    "startColor": [
        0.39215683937072754,
        0.39215683937072754,
        0.39215683937072754
    ],
    "startRotateVelocity": 1.0,
    "startScale": [
        1.0,
        1.0
    ],
    "startVelocity": [
        0.0,
        0.0,
        0.0
    ],
    "texturePath": "box",
    "translate": [
        0.0,
        0.0,
        0.0
    ],
    "useEmitter": 1,
    "velocityRandom": 1
}