{
    "alphaFade": 1,
    "blendMode": 1,
    "colorFade": 0,
    "colorRandom": 0,
    "coneAngle": 0.0,
    "coneDirection": [
        0.0,
        0.0,
        0.0
    ],
    "coneHeight": 0.0,
    "count": 1,
    "emit": 0,
    "endColor": [
        0.9264705777168274,
        0.08174736797809601,
        0.0
    ],
    "endRotateVelocity": 0.0,
    "endScale": [
        0.0,
        0.0
    ],
    "endVelocity": [
        0.0,
        0.0,
        0.0
    ],
    "frequency": 0.10000000149011612,
    "frequencyTime": 0.0833333358168602,
    "hemisphereAngle": 0.0,
    "isMove": 1,
    "kMaxParticle": 512,
    "lifeTime": 0.5,
    "lifeTimeRandom": 0,
    "lineLength": 0.0,
    "lineStart": [
        0.0,
        0.0,
        0.0
    ],
    "maxColor": [
        1.0,
        1.0,
        1.0
    ],
    "maxLifeTime": 5.0,
    "maxRotateVelocity": 1.0,
    "maxScale": [
        1.0,
        1.0,
        1.0
    ],
    "maxVelocity": [
        0.10000000149011612,
        3.0,
        0.10000000149011612
    ],
    "minColor": [
        0.0,
        0.0,
        0.0
    ],
    "minLifeTime": 1.0,
    "minRotateVelocity": -1.0,
    "minScale": [
        0.0,
        0.0,
        0.0
    ],
    "minVelocity": [
        -0.10000000149011612,
        1.0,
        -0.10000000149011612
    ],
    "normalVelocity": [
        0.0,
        0.0,
        0.0
    ],
    "planeHeight": 0.0,
    "planeNormal": [
        0.0,
        0.0,
        0.0
    ],
    "planeWidth": 0.0,
    "radius": 1.0,
    "ringAngle": 0.0,
    "ringInnerRadius": 0.0,
    "ringNormal": [
        0.0,
        0.0,
        0.0
    ],
    "ringOuterRadius": 0.0,
    "rotateMove": 0,
    "rotateVelocityRandom": 0,
    "scaleFade": 1,
    "scaleRandom": 0,
    "shapeType": 0,
    "size": [
        0.0,
        0.0,
        0.0
    ],
    "startColor": [
        0.9803921580314636,
        0.2883506119251251,
        0.0
    ],
    "startRotateVelocity": 0.0,
    "startScale": [
        1.0,
        1.0
    ],
    "startVelocity": [
        0.0,
        0.0,
        0.0
    ],
    "texturePath": "circle3",
    "translate": [
        -0.23000000417232513,
        2.0,
        0.0
    ],
    "useEmitter": 1,
    "velocityRandom": 1
}