{
    "alphaFade": 1,
    "colorFade": 1,
    "colorRandom": 0,
    "count": 1,
    "emit": 1,
    "endColor": [
        1.0,
        0.47058820724487305,
        0.0
    ],
    "endRotateVelocity": -1.0,
    "endScale": [
        0.0,
        0.0
    ],
    "endVelocity": [
        0.10000000149011612,
        3.4700000286102295,
        0.0
    ],
    "frequency": 0.009999999776482582,
    "frequencyTime": 0.0,
    "isMove": 1,
    "kMaxParticle": 1024,
    "lifeTime": 3.0,
    "lifeTimeRandom": 0,
    "maxColor": [
        1.0,
        1.0,
        1.0
    ],
    "maxLifeTime": 5.0,
    "maxRotateVelocity": 1.0,
    "maxScale": [
        1.5,
        1.5,
        1.5
    ],
    "maxVelocity": [
        0.4000000059604645,
        5.0,
        0.0
    ],
    "minColor": [
        0.0,
        0.0,
        0.0
    ],
    "minLifeTime": 1.0,
    "minRotateVelocity": -1.0,
    "minScale": [
        0.5,
        0.5,
        0.5
    ],
    "minVelocity": [
        -0.4000000059604645,
        0.0,
        0.0
    ],
    "radius": 1.0,
    "rotateMove": 0,
    "rotateVelocityRandom": 0,
    "scaleFade": 1,
    "scaleRandom": 0,
    "startColor": [
        1.0,
        0.0,
        0.0
    ],
    "startRotateVelocity": 1.0,
    "startScale": [
        1.0,
        1.0
    ],
    "startVelocity": [
        -0.10000000149011612,
        0.0,
        0.0
    ],
    "translate": [
        0.0,
        0.0,
        0.0
    ],
    "useEmitter": 1,
    "velocityRandom": 1
}