{
    "alphaFade": 1,
    "blendMode": 2,
    "colorFade": 0,
    "colorRandom": 0,
    "coneAngle": 45.0,
    "coneDirection": [
        0.0,
        1.0,
        0.0
    ],
    "coneHeight": 2.0,
    "count": 1,
    "emit": 1,
    "endColor": [
        0.7560709118843079,
        0.7696078419685364,
        0.30935218930244446
    ],
    "endRotateVelocity": -16.0,
    "endScale": [
        0.25,
        0.25
    ],
    "endVelocity": [
        0.0,
        0.0,
        0.0
    ],
    "frequency": 0.05000000074505806,
    "frequencyTime": 0.0,
    "hemisphereAngle": 180.0,
    "isMove": 1,
    "kMaxParticle": 512,
    "lifeTime": 0.699999988079071,
    "lifeTimeRandom": 0,
    "lineLength": 2.0,
    "lineStart": [
        -1.0,
        0.0,
        0.0
    ],
    "maxColor": [
        1.0,
        1.0,
        1.0
    ],
    "maxLifeTime": 5.0,
    "maxRotateVelocity": 1.0,
    "maxScale": [
        1.5,
        1.5,
        1.5
    ],
    "maxVelocity": [
        1.0,
        0.0,
        1.0
    ],
    "minColor": [
        0.0,
        0.0,
        0.0
    ],
    "minLifeTime": 1.0,
    "minRotateVelocity": -1.0,
    "minScale": [
        0.5,
        0.5,
        0.5
    ],
    "minVelocity": [
        -1.0,
        0.0,
        -1.0
    ],
    "normalVelocity": [
        0.0,
        0.0,
        0.0
    ],
    "planeHeight": 2.0,
    "planeNormal": [
        0.0,
        1.0,
        0.0
    ],
    "planeWidth": 2.0,
    "radius": 1.0,
    "ringAngle": 0.0,
    "ringInnerRadius": 0.5,
    "ringNormal": [
        0.0,
        1.0,
        0.0
    ],
    "ringOuterRadius": 1.0,
    "rotateMove": 1,
    "rotateVelocityRandom": 0,
    "scaleFade": 1,
    "scaleRandom": 0,
    "shapeType": 0,
    "size": [
        1.0,
        1.0,
        1.0
    ],
    "startColor": [
        0.8370649814605713,
        0.8823529481887817,
        0.11245676875114441
    ],
    "startRotateVelocity": 16.0,
    "startScale": [
        1.0,
        1.0
    ],
    "startVelocity": [
        0.0,
        0.0,
        0.0
    ],
    "texturePath": "harfCircle3",
    "translate": [
        12.100000381469727,
        3.7899999618530273,
        0.0
    ],
    "useEmitter": 1,
    "velocityRandom": 1
}