{
    "alphaFade": 1,
    "colorFade": 0,
    "colorRandom": 0,
    "coneAngle": 45.0,
    "coneDirection": [
        -0.02531253546476364,
        0.9996616244316101,
        -0.0059898593463003635
    ],
    "coneHeight": 2.0,
    "count": 1,
    "emit": 0,
    "endColor": [
        1.0,
        0.0,
        0.0
    ],
    "endRotateVelocity": -1.0,
    "endScale": [
        0.5,
        0.5
    ],
    "endVelocity": [
        0.0,
        0.0,
        0.0
    ],
    "frequency": 0.009999999776482582,
    "frequencyTime": 0.0,
    "hemisphereAngle": 90.0,
    "isMove": 1,
    "kMaxParticle": 512,
    "lifeTime": 0.5,
    "lifeTimeRandom": 0,
    "lineLength": 2.0,
    "lineStart": [
        -1.0,
        0.0,
        0.0
    ],
    "maxColor": [
        1.0,
        1.0,
        1.0
    ],
    "maxLifeTime": 5.0,
    "maxRotateVelocity": 1.0,
    "maxScale": [
        1.5,
        1.5,
        1.5
    ],
    "maxVelocity": [
        0.0,
        0.0,
        0.0
    ],
    "minColor": [
        0.0,
        0.0,
        0.0
    ],
    "minLifeTime": 1.0,
    "minRotateVelocity": -1.0,
    "minScale": [
        0.5,
        0.5,
        0.5
    ],
    "minVelocity": [
        0.0,
        0.0,
        0.0
    ],
    "normalVelocity": [
        5.0,
        5.0,
        0.0
    ],
    "planeHeight": 3.609999895095825,
    "planeNormal": [
        0.08036184310913086,
        0.5634726285934448,
        0.8222169280052185
    ],
    "planeWidth": 2.9200000762939453,
    "radius": 5.539999961853027,
    "ringAngle": 0.0,
    "ringInnerRadius": 0.0,
    "ringNormal": [
        0.0,
        1.0,
        0.0
    ],
    "ringOuterRadius": 0.009999999776482582,
    "rotateMove": 1,
    "rotateVelocityRandom": 0,
    "scaleFade": 1,
    "scaleRandom": 0,
    "shapeType": 7,
    "size": [
        1.0,
        1.0,
        1.0
    ],
    "startColor": [
        0.8823529481887817,
        1.0,
        0.0
    ],
    "startRotateVelocity": 1.0,
    "startScale": [
        2.0,
        2.0
    ],
    "startVelocity": [
        0.0,
        0.0,
        0.0
    ],
    "texturePath": "star5",
    "translate": [
        0.0,
        0.0,
        0.0
    ],
    "useEmitter": 0,
    "velocityRandom": 1
}